./module-info.java,,module-info
./org/jfree/chart/Drawable.java,.org.jfree.chart,Drawable
./org/jfree/chart/ChartColor.java,.org.jfree.chart,ChartColor
./org/jfree/chart/ChartElement.java,.org.jfree.chart,ChartElement
./org/jfree/chart/JFreeChart.java,.org.jfree.chart,JFreeChart
./org/jfree/chart/StandardChartTheme.java,.org.jfree.chart,StandardChartTheme
./org/jfree/chart/ChartTransferable.java,.org.jfree.chart,ChartTransferable
./org/jfree/chart/ChartFactory.java,.org.jfree.chart,ChartFactory
./org/jfree/chart/package-info.java,.org.jfree.chart,package-info
./org/jfree/chart/ChartHints.java,.org.jfree.chart,ChartHints
./org/jfree/chart/ChartTheme.java,.org.jfree.chart,ChartTheme
./org/jfree/chart/ChartUtils.java,.org.jfree.chart,ChartUtils
./org/jfree/chart/ChartRenderingInfo.java,.org.jfree.chart,ChartRenderingInfo
./org/jfree/chart/ChartElementVisitor.java,.org.jfree.chart,ChartElementVisitor
./org/jfree/chart/legend/LegendItemSource.java,.org.jfree.chart.legend,LegendItemSource
./org/jfree/chart/legend/LegendItemBlockContainer.java,.org.jfree.chart.legend,LegendItemBlockContainer
./org/jfree/chart/legend/LegendItemCollection.java,.org.jfree.chart.legend,LegendItemCollection
./org/jfree/chart/legend/LegendTitle.java,.org.jfree.chart.legend,LegendTitle
./org/jfree/chart/legend/package-info.java,.org.jfree.chart.legend,package-info
./org/jfree/chart/legend/LegendGraphic.java,.org.jfree.chart.legend,LegendGraphic
./org/jfree/chart/legend/LegendRenderingOrder.java,.org.jfree.chart.legend,LegendRenderingOrder
./org/jfree/chart/legend/PaintScaleLegend.java,.org.jfree.chart.legend,PaintScaleLegend
./org/jfree/chart/legend/LegendItem.java,.org.jfree.chart.legend,LegendItem
./org/jfree/chart/plot/CombinedRangeXYPlot.java,.org.jfree.chart.plot,CombinedRangeXYPlot
./org/jfree/chart/plot/MeterPlot.java,.org.jfree.chart.plot,MeterPlot
./org/jfree/chart/plot/CombinedRangeCategoryPlot.java,.org.jfree.chart.plot,CombinedRangeCategoryPlot
./org/jfree/chart/plot/XYCrosshairState.java,.org.jfree.chart.plot,XYCrosshairState
./org/jfree/chart/plot/SpiderWebPlot.java,.org.jfree.chart.plot,SpiderWebPlot
./org/jfree/chart/plot/DefaultDrawingSupplier.java,.org.jfree.chart.plot,DefaultDrawingSupplier
./org/jfree/chart/plot/IntervalMarker.java,.org.jfree.chart.plot,IntervalMarker
./org/jfree/chart/plot/Crosshair.java,.org.jfree.chart.plot,Crosshair
./org/jfree/chart/plot/Marker.java,.org.jfree.chart.plot,Marker
./org/jfree/chart/plot/CrosshairState.java,.org.jfree.chart.plot,CrosshairState
./org/jfree/chart/plot/PlotOrientation.java,.org.jfree.chart.plot,PlotOrientation
./org/jfree/chart/plot/PolarAxisLocation.java,.org.jfree.chart.plot,PolarAxisLocation
./org/jfree/chart/plot/CombinedDomainXYPlot.java,.org.jfree.chart.plot,CombinedDomainXYPlot
./org/jfree/chart/plot/DialShape.java,.org.jfree.chart.plot,DialShape
./org/jfree/chart/plot/Pannable.java,.org.jfree.chart.plot,Pannable
./org/jfree/chart/plot/package-info.java,.org.jfree.chart.plot,package-info
./org/jfree/chart/plot/CenterTextMode.java,.org.jfree.chart.plot,CenterTextMode
./org/jfree/chart/plot/DatasetRenderingOrder.java,.org.jfree.chart.plot,DatasetRenderingOrder
./org/jfree/chart/plot/PlotRenderingInfo.java,.org.jfree.chart.plot,PlotRenderingInfo
./org/jfree/chart/plot/CategoryMarker.java,.org.jfree.chart.plot,CategoryMarker
./org/jfree/chart/plot/Plot.java,.org.jfree.chart.plot,Plot
./org/jfree/chart/plot/Zoomable.java,.org.jfree.chart.plot,Zoomable
./org/jfree/chart/plot/WaferMapPlot.java,.org.jfree.chart.plot,WaferMapPlot
./org/jfree/chart/plot/SeriesRenderingOrder.java,.org.jfree.chart.plot,SeriesRenderingOrder
./org/jfree/chart/plot/CategoryCrosshairState.java,.org.jfree.chart.plot,CategoryCrosshairState
./org/jfree/chart/plot/CategoryPlot.java,.org.jfree.chart.plot,CategoryPlot
./org/jfree/chart/plot/PlotState.java,.org.jfree.chart.plot,PlotState
./org/jfree/chart/plot/MeterInterval.java,.org.jfree.chart.plot,MeterInterval
./org/jfree/chart/plot/FastScatterPlot.java,.org.jfree.chart.plot,FastScatterPlot
./org/jfree/chart/plot/ThermometerPlot.java,.org.jfree.chart.plot,ThermometerPlot
./org/jfree/chart/plot/ValueAxisPlot.java,.org.jfree.chart.plot,ValueAxisPlot
./org/jfree/chart/plot/CombinedDomainCategoryPlot.java,.org.jfree.chart.plot,CombinedDomainCategoryPlot
./org/jfree/chart/plot/DrawingSupplier.java,.org.jfree.chart.plot,DrawingSupplier
./org/jfree/chart/plot/RingPlot.java,.org.jfree.chart.plot,RingPlot
./org/jfree/chart/plot/PolarPlot.java,.org.jfree.chart.plot,PolarPlot
./org/jfree/chart/plot/XYPlot.java,.org.jfree.chart.plot,XYPlot
./org/jfree/chart/plot/ValueMarker.java,.org.jfree.chart.plot,ValueMarker
./org/jfree/chart/plot/pie/PieLabelDistributor.java,.org.jfree.chart.plot.pie,PieLabelDistributor
./org/jfree/chart/plot/pie/PiePlot.java,.org.jfree.chart.plot.pie,PiePlot
./org/jfree/chart/plot/pie/MultiplePiePlot.java,.org.jfree.chart.plot.pie,MultiplePiePlot
./org/jfree/chart/plot/pie/PiePlotState.java,.org.jfree.chart.plot.pie,PiePlotState
./org/jfree/chart/plot/pie/package-info.java,.org.jfree.chart.plot.pie,package-info
./org/jfree/chart/plot/pie/PieLabelLinkStyle.java,.org.jfree.chart.plot.pie,PieLabelLinkStyle
./org/jfree/chart/plot/pie/AbstractPieLabelDistributor.java,.org.jfree.chart.plot.pie,AbstractPieLabelDistributor
./org/jfree/chart/plot/pie/PieLabelRecord.java,.org.jfree.chart.plot.pie,PieLabelRecord
./org/jfree/chart/plot/flow/FlowPlot.java,.org.jfree.chart.plot.flow,FlowPlot
./org/jfree/chart/plot/flow/package-info.java,.org.jfree.chart.plot.flow,package-info
./org/jfree/chart/plot/compass/PointerNeedle.java,.org.jfree.chart.plot.compass,PointerNeedle
./org/jfree/chart/plot/compass/PinNeedle.java,.org.jfree.chart.plot.compass,PinNeedle
./org/jfree/chart/plot/compass/LongNeedle.java,.org.jfree.chart.plot.compass,LongNeedle
./org/jfree/chart/plot/compass/MiddlePinNeedle.java,.org.jfree.chart.plot.compass,MiddlePinNeedle
./org/jfree/chart/plot/compass/ShipNeedle.java,.org.jfree.chart.plot.compass,ShipNeedle
./org/jfree/chart/plot/compass/WindNeedle.java,.org.jfree.chart.plot.compass,WindNeedle
./org/jfree/chart/plot/compass/package-info.java,.org.jfree.chart.plot.compass,package-info
./org/jfree/chart/plot/compass/ArrowNeedle.java,.org.jfree.chart.plot.compass,ArrowNeedle
./org/jfree/chart/plot/compass/MeterNeedle.java,.org.jfree.chart.plot.compass,MeterNeedle
./org/jfree/chart/plot/compass/CompassPlot.java,.org.jfree.chart.plot.compass,CompassPlot
./org/jfree/chart/plot/compass/LineNeedle.java,.org.jfree.chart.plot.compass,LineNeedle
./org/jfree/chart/plot/compass/PlumNeedle.java,.org.jfree.chart.plot.compass,PlumNeedle
./org/jfree/chart/plot/dial/AbstractDialLayer.java,.org.jfree.chart.plot.dial,AbstractDialLayer
./org/jfree/chart/plot/dial/DialCap.java,.org.jfree.chart.plot.dial,DialCap
./org/jfree/chart/plot/dial/DialPointer.java,.org.jfree.chart.plot.dial,DialPointer
./org/jfree/chart/plot/dial/StandardDialScale.java,.org.jfree.chart.plot.dial,StandardDialScale
./org/jfree/chart/plot/dial/ArcDialFrame.java,.org.jfree.chart.plot.dial,ArcDialFrame
./org/jfree/chart/plot/dial/DialBackground.java,.org.jfree.chart.plot.dial,DialBackground
./org/jfree/chart/plot/dial/StandardDialRange.java,.org.jfree.chart.plot.dial,StandardDialRange
./org/jfree/chart/plot/dial/DialScale.java,.org.jfree.chart.plot.dial,DialScale
./org/jfree/chart/plot/dial/DialTextAnnotation.java,.org.jfree.chart.plot.dial,DialTextAnnotation
./org/jfree/chart/plot/dial/DialFrame.java,.org.jfree.chart.plot.dial,DialFrame
./org/jfree/chart/plot/dial/package-info.java,.org.jfree.chart.plot.dial,package-info
./org/jfree/chart/plot/dial/DialLayer.java,.org.jfree.chart.plot.dial,DialLayer
./org/jfree/chart/plot/dial/StandardDialFrame.java,.org.jfree.chart.plot.dial,StandardDialFrame
./org/jfree/chart/plot/dial/DialLayerChangeListener.java,.org.jfree.chart.plot.dial,DialLayerChangeListener
./org/jfree/chart/plot/dial/DialPlot.java,.org.jfree.chart.plot.dial,DialPlot
./org/jfree/chart/plot/dial/DialValueIndicator.java,.org.jfree.chart.plot.dial,DialValueIndicator
./org/jfree/chart/plot/dial/DialLayerChangeEvent.java,.org.jfree.chart.plot.dial,DialLayerChangeEvent
./org/jfree/chart/imagemap/ImageMapUtils.java,.org.jfree.chart.imagemap,ImageMapUtils
./org/jfree/chart/imagemap/StandardToolTipTagFragmentGenerator.java,.org.jfree.chart.imagemap,StandardToolTipTagFragmentGenerator
./org/jfree/chart/imagemap/ToolTipTagFragmentGenerator.java,.org.jfree.chart.imagemap,ToolTipTagFragmentGenerator
./org/jfree/chart/imagemap/OverLIBToolTipTagFragmentGenerator.java,.org.jfree.chart.imagemap,OverLIBToolTipTagFragmentGenerator
./org/jfree/chart/imagemap/StandardURLTagFragmentGenerator.java,.org.jfree.chart.imagemap,StandardURLTagFragmentGenerator
./org/jfree/chart/imagemap/package-info.java,.org.jfree.chart.imagemap,package-info
./org/jfree/chart/imagemap/URLTagFragmentGenerator.java,.org.jfree.chart.imagemap,URLTagFragmentGenerator
./org/jfree/chart/imagemap/DynamicDriveToolTipTagFragmentGenerator.java,.org.jfree.chart.imagemap,DynamicDriveToolTipTagFragmentGenerator
./org/jfree/chart/encoders/SunPNGEncoderAdapter.java,.org.jfree.chart.encoders,SunPNGEncoderAdapter
./org/jfree/chart/encoders/EncoderUtil.java,.org.jfree.chart.encoders,EncoderUtil
./org/jfree/chart/encoders/SunJPEGEncoderAdapter.java,.org.jfree.chart.encoders,SunJPEGEncoderAdapter
./org/jfree/chart/encoders/ImageFormat.java,.org.jfree.chart.encoders,ImageFormat
./org/jfree/chart/encoders/ImageEncoderFactory.java,.org.jfree.chart.encoders,ImageEncoderFactory
./org/jfree/chart/encoders/ImageEncoder.java,.org.jfree.chart.encoders,ImageEncoder
./org/jfree/chart/encoders/package-info.java,.org.jfree.chart.encoders,package-info
./org/jfree/chart/axis/AxisLocation.java,.org.jfree.chart.axis,AxisLocation
./org/jfree/chart/axis/ModuloAxis.java,.org.jfree.chart.axis,ModuloAxis
./org/jfree/chart/axis/NumberTickUnitSource.java,.org.jfree.chart.axis,NumberTickUnitSource
./org/jfree/chart/axis/DateTickUnitType.java,.org.jfree.chart.axis,DateTickUnitType
./org/jfree/chart/axis/AxisSpace.java,.org.jfree.chart.axis,AxisSpace
./org/jfree/chart/axis/AxisLabelLocation.java,.org.jfree.chart.axis,AxisLabelLocation
./org/jfree/chart/axis/Tick.java,.org.jfree.chart.axis,Tick
./org/jfree/chart/axis/AxisState.java,.org.jfree.chart.axis,AxisState
./org/jfree/chart/axis/TickUnits.java,.org.jfree.chart.axis,TickUnits
./org/jfree/chart/axis/NumberTick.java,.org.jfree.chart.axis,NumberTick
./org/jfree/chart/axis/LogAxis.java,.org.jfree.chart.axis,LogAxis
./org/jfree/chart/axis/PeriodAxisLabelInfo.java,.org.jfree.chart.axis,PeriodAxisLabelInfo
./org/jfree/chart/axis/NumberTickUnit.java,.org.jfree.chart.axis,NumberTickUnit
./org/jfree/chart/axis/AxisCollection.java,.org.jfree.chart.axis,AxisCollection
./org/jfree/chart/axis/SubCategoryAxis.java,.org.jfree.chart.axis,SubCategoryAxis
./org/jfree/chart/axis/QuarterDateFormat.java,.org.jfree.chart.axis,QuarterDateFormat
./org/jfree/chart/axis/DateTickUnit.java,.org.jfree.chart.axis,DateTickUnit
./org/jfree/chart/axis/Axis.java,.org.jfree.chart.axis,Axis
./org/jfree/chart/axis/PeriodAxis.java,.org.jfree.chart.axis,PeriodAxis
./org/jfree/chart/axis/DateTickMarkPosition.java,.org.jfree.chart.axis,DateTickMarkPosition
./org/jfree/chart/axis/CategoryTick.java,.org.jfree.chart.axis,CategoryTick
./org/jfree/chart/axis/MarkerAxisBand.java,.org.jfree.chart.axis,MarkerAxisBand
./org/jfree/chart/axis/StandardTickUnitSource.java,.org.jfree.chart.axis,StandardTickUnitSource
./org/jfree/chart/axis/TickUnit.java,.org.jfree.chart.axis,TickUnit
./org/jfree/chart/axis/package-info.java,.org.jfree.chart.axis,package-info
./org/jfree/chart/axis/TickUnitSource.java,.org.jfree.chart.axis,TickUnitSource
./org/jfree/chart/axis/CategoryLabelPositions.java,.org.jfree.chart.axis,CategoryLabelPositions
./org/jfree/chart/axis/LogTick.java,.org.jfree.chart.axis,LogTick
./org/jfree/chart/axis/DateAxis.java,.org.jfree.chart.axis,DateAxis
./org/jfree/chart/axis/ExtendedCategoryAxis.java,.org.jfree.chart.axis,ExtendedCategoryAxis
./org/jfree/chart/axis/SymbolAxis.java,.org.jfree.chart.axis,SymbolAxis
./org/jfree/chart/axis/DateTick.java,.org.jfree.chart.axis,DateTick
./org/jfree/chart/axis/CategoryAnchor.java,.org.jfree.chart.axis,CategoryAnchor
./org/jfree/chart/axis/CategoryLabelWidthType.java,.org.jfree.chart.axis,CategoryLabelWidthType
./org/jfree/chart/axis/ValueTick.java,.org.jfree.chart.axis,ValueTick
./org/jfree/chart/axis/Timeline.java,.org.jfree.chart.axis,Timeline
./org/jfree/chart/axis/CompassFormat.java,.org.jfree.chart.axis,CompassFormat
./org/jfree/chart/axis/CyclicNumberAxis.java,.org.jfree.chart.axis,CyclicNumberAxis
./org/jfree/chart/axis/ValueAxis.java,.org.jfree.chart.axis,ValueAxis
./org/jfree/chart/axis/MonthDateFormat.java,.org.jfree.chart.axis,MonthDateFormat
./org/jfree/chart/axis/CategoryLabelPosition.java,.org.jfree.chart.axis,CategoryLabelPosition
./org/jfree/chart/axis/LogarithmicAxis.java,.org.jfree.chart.axis,LogarithmicAxis
./org/jfree/chart/axis/NumberAxis.java,.org.jfree.chart.axis,NumberAxis
./org/jfree/chart/axis/CategoryAxis.java,.org.jfree.chart.axis,CategoryAxis
./org/jfree/chart/axis/TickType.java,.org.jfree.chart.axis,TickType
./org/jfree/chart/internal/Args.java,.org.jfree.chart.internal,Args
./org/jfree/chart/internal/PaintUtils.java,.org.jfree.chart.internal,PaintUtils
./org/jfree/chart/internal/ShapeUtils.java,.org.jfree.chart.internal,ShapeUtils
./org/jfree/chart/internal/HashUtils.java,.org.jfree.chart.internal,HashUtils
./org/jfree/chart/internal/SerialUtils.java,.org.jfree.chart.internal,SerialUtils
./org/jfree/chart/internal/package-info.java,.org.jfree.chart.internal,package-info
./org/jfree/chart/internal/ArrayUtils.java,.org.jfree.chart.internal,ArrayUtils
./org/jfree/chart/internal/CloneUtils.java,.org.jfree.chart.internal,CloneUtils
./org/jfree/chart/internal/LineUtils.java,.org.jfree.chart.internal,LineUtils
./org/jfree/chart/util/PaintAlpha.java,.org.jfree.chart.util,PaintAlpha
./org/jfree/chart/util/ShadowGenerator.java,.org.jfree.chart.util,ShadowGenerator
./org/jfree/chart/util/StandardGradientPaintTransformer.java,.org.jfree.chart.util,StandardGradientPaintTransformer
./org/jfree/chart/util/StringUtils.java,.org.jfree.chart.util,StringUtils
./org/jfree/chart/util/AttrStringUtils.java,.org.jfree.chart.util,AttrStringUtils
./org/jfree/chart/util/DirectionalGradientPaintTransformer.java,.org.jfree.chart.util,DirectionalGradientPaintTransformer
./org/jfree/chart/util/package-info.java,.org.jfree.chart.util,package-info
./org/jfree/chart/util/ExportUtils.java,.org.jfree.chart.util,ExportUtils
./org/jfree/chart/util/GradientPaintTransformer.java,.org.jfree.chart.util,GradientPaintTransformer
./org/jfree/chart/util/GradientPaintTransformType.java,.org.jfree.chart.util,GradientPaintTransformType
./org/jfree/chart/util/DefaultShadowGenerator.java,.org.jfree.chart.util,DefaultShadowGenerator
./org/jfree/chart/entity/FlowEntity.java,.org.jfree.chart.entity,FlowEntity
./org/jfree/chart/entity/TitleEntity.java,.org.jfree.chart.entity,TitleEntity
./org/jfree/chart/entity/ChartEntity.java,.org.jfree.chart.entity,ChartEntity
./org/jfree/chart/entity/NodeEntity.java,.org.jfree.chart.entity,NodeEntity
./org/jfree/chart/entity/AxisEntity.java,.org.jfree.chart.entity,AxisEntity
./org/jfree/chart/entity/TickLabelEntity.java,.org.jfree.chart.entity,TickLabelEntity
./org/jfree/chart/entity/PlotEntity.java,.org.jfree.chart.entity,PlotEntity
./org/jfree/chart/entity/PieSectionEntity.java,.org.jfree.chart.entity,PieSectionEntity
./org/jfree/chart/entity/CategoryItemEntity.java,.org.jfree.chart.entity,CategoryItemEntity
./org/jfree/chart/entity/StandardEntityCollection.java,.org.jfree.chart.entity,StandardEntityCollection
./org/jfree/chart/entity/JFreeChartEntity.java,.org.jfree.chart.entity,JFreeChartEntity
./org/jfree/chart/entity/package-info.java,.org.jfree.chart.entity,package-info
./org/jfree/chart/entity/EntityCollection.java,.org.jfree.chart.entity,EntityCollection
./org/jfree/chart/entity/XYItemEntity.java,.org.jfree.chart.entity,XYItemEntity
./org/jfree/chart/entity/LegendItemEntity.java,.org.jfree.chart.entity,LegendItemEntity
./org/jfree/chart/entity/XYAnnotationEntity.java,.org.jfree.chart.entity,XYAnnotationEntity
./org/jfree/chart/entity/CategoryLabelEntity.java,.org.jfree.chart.entity,CategoryLabelEntity
./org/jfree/chart/labels/ItemLabelPosition.java,.org.jfree.chart.labels,ItemLabelPosition
./org/jfree/chart/labels/StandardCategorySeriesLabelGenerator.java,.org.jfree.chart.labels,StandardCategorySeriesLabelGenerator
./org/jfree/chart/labels/MultipleXYSeriesLabelGenerator.java,.org.jfree.chart.labels,MultipleXYSeriesLabelGenerator
./org/jfree/chart/labels/BoxAndWhiskerXYToolTipGenerator.java,.org.jfree.chart.labels,BoxAndWhiskerXYToolTipGenerator
./org/jfree/chart/labels/PieToolTipGenerator.java,.org.jfree.chart.labels,PieToolTipGenerator
./org/jfree/chart/labels/SymbolicXYItemLabelGenerator.java,.org.jfree.chart.labels,SymbolicXYItemLabelGenerator
./org/jfree/chart/labels/ItemLabelAnchor.java,.org.jfree.chart.labels,ItemLabelAnchor
./org/jfree/chart/labels/IntervalCategoryToolTipGenerator.java,.org.jfree.chart.labels,IntervalCategoryToolTipGenerator
./org/jfree/chart/labels/StandardCategoryToolTipGenerator.java,.org.jfree.chart.labels,StandardCategoryToolTipGenerator
./org/jfree/chart/labels/IntervalXYToolTipGenerator.java,.org.jfree.chart.labels,IntervalXYToolTipGenerator
./org/jfree/chart/labels/AbstractPieItemLabelGenerator.java,.org.jfree.chart.labels,AbstractPieItemLabelGenerator
./org/jfree/chart/labels/BubbleXYItemLabelGenerator.java,.org.jfree.chart.labels,BubbleXYItemLabelGenerator
./org/jfree/chart/labels/StandardXYItemLabelGenerator.java,.org.jfree.chart.labels,StandardXYItemLabelGenerator
./org/jfree/chart/labels/XYZToolTipGenerator.java,.org.jfree.chart.labels,XYZToolTipGenerator
./org/jfree/chart/labels/XYItemLabelGenerator.java,.org.jfree.chart.labels,XYItemLabelGenerator
./org/jfree/chart/labels/BoxAndWhiskerToolTipGenerator.java,.org.jfree.chart.labels,BoxAndWhiskerToolTipGenerator
./org/jfree/chart/labels/IntervalXYItemLabelGenerator.java,.org.jfree.chart.labels,IntervalXYItemLabelGenerator
./org/jfree/chart/labels/CategoryToolTipGenerator.java,.org.jfree.chart.labels,CategoryToolTipGenerator
./org/jfree/chart/labels/package-info.java,.org.jfree.chart.labels,package-info
./org/jfree/chart/labels/StandardCrosshairLabelGenerator.java,.org.jfree.chart.labels,StandardCrosshairLabelGenerator
./org/jfree/chart/labels/AbstractXYItemLabelGenerator.java,.org.jfree.chart.labels,AbstractXYItemLabelGenerator
./org/jfree/chart/labels/StandardXYSeriesLabelGenerator.java,.org.jfree.chart.labels,StandardXYSeriesLabelGenerator
./org/jfree/chart/labels/XYSeriesLabelGenerator.java,.org.jfree.chart.labels,XYSeriesLabelGenerator
./org/jfree/chart/labels/PieSectionLabelGenerator.java,.org.jfree.chart.labels,PieSectionLabelGenerator
./org/jfree/chart/labels/StandardFlowLabelGenerator.java,.org.jfree.chart.labels,StandardFlowLabelGenerator
./org/jfree/chart/labels/StandardPieToolTipGenerator.java,.org.jfree.chart.labels,StandardPieToolTipGenerator
./org/jfree/chart/labels/StandardXYZToolTipGenerator.java,.org.jfree.chart.labels,StandardXYZToolTipGenerator
./org/jfree/chart/labels/StandardXYToolTipGenerator.java,.org.jfree.chart.labels,StandardXYToolTipGenerator
./org/jfree/chart/labels/AbstractCategoryItemLabelGenerator.java,.org.jfree.chart.labels,AbstractCategoryItemLabelGenerator
./org/jfree/chart/labels/XYToolTipGenerator.java,.org.jfree.chart.labels,XYToolTipGenerator
./org/jfree/chart/labels/IntervalCategoryItemLabelGenerator.java,.org.jfree.chart.labels,IntervalCategoryItemLabelGenerator
./org/jfree/chart/labels/CategorySeriesLabelGenerator.java,.org.jfree.chart.labels,CategorySeriesLabelGenerator
./org/jfree/chart/labels/CustomXYToolTipGenerator.java,.org.jfree.chart.labels,CustomXYToolTipGenerator
./org/jfree/chart/labels/StandardCategoryItemLabelGenerator.java,.org.jfree.chart.labels,StandardCategoryItemLabelGenerator
./org/jfree/chart/labels/CategoryItemLabelGenerator.java,.org.jfree.chart.labels,CategoryItemLabelGenerator
./org/jfree/chart/labels/HighLowItemLabelGenerator.java,.org.jfree.chart.labels,HighLowItemLabelGenerator
./org/jfree/chart/labels/FlowLabelGenerator.java,.org.jfree.chart.labels,FlowLabelGenerator
./org/jfree/chart/labels/CrosshairLabelGenerator.java,.org.jfree.chart.labels,CrosshairLabelGenerator
./org/jfree/chart/labels/StandardPieSectionLabelGenerator.java,.org.jfree.chart.labels,StandardPieSectionLabelGenerator
./org/jfree/chart/title/CompositeTitle.java,.org.jfree.chart.title,CompositeTitle
./org/jfree/chart/title/package-info.java,.org.jfree.chart.title,package-info
./org/jfree/chart/title/DateTitle.java,.org.jfree.chart.title,DateTitle
./org/jfree/chart/title/ImageTitle.java,.org.jfree.chart.title,ImageTitle
./org/jfree/chart/title/ShortTextTitle.java,.org.jfree.chart.title,ShortTextTitle
./org/jfree/chart/title/Title.java,.org.jfree.chart.title,Title
./org/jfree/chart/title/TextTitle.java,.org.jfree.chart.title,TextTitle
./org/jfree/chart/urls/TimeSeriesURLGenerator.java,.org.jfree.chart.urls,TimeSeriesURLGenerator
./org/jfree/chart/urls/CategoryURLGenerator.java,.org.jfree.chart.urls,CategoryURLGenerator
./org/jfree/chart/urls/CustomPieURLGenerator.java,.org.jfree.chart.urls,CustomPieURLGenerator
./org/jfree/chart/urls/CustomCategoryURLGenerator.java,.org.jfree.chart.urls,CustomCategoryURLGenerator
./org/jfree/chart/urls/PieURLGenerator.java,.org.jfree.chart.urls,PieURLGenerator
./org/jfree/chart/urls/StandardXYURLGenerator.java,.org.jfree.chart.urls,StandardXYURLGenerator
./org/jfree/chart/urls/StandardXYZURLGenerator.java,.org.jfree.chart.urls,StandardXYZURLGenerator
./org/jfree/chart/urls/package-info.java,.org.jfree.chart.urls,package-info
./org/jfree/chart/urls/StandardPieURLGenerator.java,.org.jfree.chart.urls,StandardPieURLGenerator
./org/jfree/chart/urls/StandardCategoryURLGenerator.java,.org.jfree.chart.urls,StandardCategoryURLGenerator
./org/jfree/chart/urls/XYZURLGenerator.java,.org.jfree.chart.urls,XYZURLGenerator
./org/jfree/chart/urls/CustomXYURLGenerator.java,.org.jfree.chart.urls,CustomXYURLGenerator
./org/jfree/chart/urls/XYURLGenerator.java,.org.jfree.chart.urls,XYURLGenerator
./org/jfree/chart/api/Layer.java,.org.jfree.chart.api,Layer
./org/jfree/chart/api/VerticalAlignment.java,.org.jfree.chart.api,VerticalAlignment
./org/jfree/chart/api/LengthAdjustmentType.java,.org.jfree.chart.api,LengthAdjustmentType
./org/jfree/chart/api/UnitType.java,.org.jfree.chart.api,UnitType
./org/jfree/chart/api/PublicCloneable.java,.org.jfree.chart.api,PublicCloneable
./org/jfree/chart/api/TableOrder.java,.org.jfree.chart.api,TableOrder
./org/jfree/chart/api/RectangleEdge.java,.org.jfree.chart.api,RectangleEdge
./org/jfree/chart/api/RectangleAlignment.java,.org.jfree.chart.api,RectangleAlignment
./org/jfree/chart/api/RectangleAnchor.java,.org.jfree.chart.api,RectangleAnchor
./org/jfree/chart/api/package-info.java,.org.jfree.chart.api,package-info
./org/jfree/chart/api/XYCoordinateType.java,.org.jfree.chart.api,XYCoordinateType
./org/jfree/chart/api/SortOrder.java,.org.jfree.chart.api,SortOrder
./org/jfree/chart/api/HorizontalAlignment.java,.org.jfree.chart.api,HorizontalAlignment
./org/jfree/chart/api/Rotation.java,.org.jfree.chart.api,Rotation
./org/jfree/chart/api/RectangleInsets.java,.org.jfree.chart.api,RectangleInsets
./org/jfree/chart/swing/Overlay.java,.org.jfree.chart.swing,Overlay
./org/jfree/chart/swing/ChartPanel.java,.org.jfree.chart.swing,ChartPanel
./org/jfree/chart/swing/ChartMouseListener.java,.org.jfree.chart.swing,ChartMouseListener
./org/jfree/chart/swing/ApplicationFrame.java,.org.jfree.chart.swing,ApplicationFrame
./org/jfree/chart/swing/DefaultSelectionZoomStrategy.java,.org.jfree.chart.swing,DefaultSelectionZoomStrategy
./org/jfree/chart/swing/NumberCellRenderer.java,.org.jfree.chart.swing,NumberCellRenderer
./org/jfree/chart/swing/ChartFrame.java,.org.jfree.chart.swing,ChartFrame
./org/jfree/chart/swing/OverlayChangeEvent.java,.org.jfree.chart.swing,OverlayChangeEvent
./org/jfree/chart/swing/MouseWheelHandler.java,.org.jfree.chart.swing,MouseWheelHandler
./org/jfree/chart/swing/ChartMouseEvent.java,.org.jfree.chart.swing,ChartMouseEvent
./org/jfree/chart/swing/package-info.java,.org.jfree.chart.swing,package-info
./org/jfree/chart/swing/OverlayChangeListener.java,.org.jfree.chart.swing,OverlayChangeListener
./org/jfree/chart/swing/AbstractOverlay.java,.org.jfree.chart.swing,AbstractOverlay
./org/jfree/chart/swing/UIUtils.java,.org.jfree.chart.swing,UIUtils
./org/jfree/chart/swing/SelectionZoomStrategy.java,.org.jfree.chart.swing,SelectionZoomStrategy
./org/jfree/chart/swing/CrosshairOverlay.java,.org.jfree.chart.swing,CrosshairOverlay
./org/jfree/chart/swing/PolarChartPanel.java,.org.jfree.chart.swing,PolarChartPanel
./org/jfree/chart/swing/editor/FontDisplayField.java,.org.jfree.chart.swing.editor,FontDisplayField
./org/jfree/chart/swing/editor/ChartEditorManager.java,.org.jfree.chart.swing.editor,ChartEditorManager
./org/jfree/chart/swing/editor/DefaultChartEditor.java,.org.jfree.chart.swing.editor,DefaultChartEditor
./org/jfree/chart/swing/editor/PaintSample.java,.org.jfree.chart.swing.editor,PaintSample
./org/jfree/chart/swing/editor/DefaultLogAxisEditor.java,.org.jfree.chart.swing.editor,DefaultLogAxisEditor
./org/jfree/chart/swing/editor/DefaultPolarPlotEditor.java,.org.jfree.chart.swing.editor,DefaultPolarPlotEditor
./org/jfree/chart/swing/editor/StrokeSample.java,.org.jfree.chart.swing.editor,StrokeSample
./org/jfree/chart/swing/editor/DefaultTitleEditor.java,.org.jfree.chart.swing.editor,DefaultTitleEditor
./org/jfree/chart/swing/editor/DefaultNumberAxisEditor.java,.org.jfree.chart.swing.editor,DefaultNumberAxisEditor
./org/jfree/chart/swing/editor/LCBLayout.java,.org.jfree.chart.swing.editor,LCBLayout
./org/jfree/chart/swing/editor/FontChooserPanel.java,.org.jfree.chart.swing.editor,FontChooserPanel
./org/jfree/chart/swing/editor/StrokeChooserPanel.java,.org.jfree.chart.swing.editor,StrokeChooserPanel
./org/jfree/chart/swing/editor/DefaultAxisEditor.java,.org.jfree.chart.swing.editor,DefaultAxisEditor
./org/jfree/chart/swing/editor/package-info.java,.org.jfree.chart.swing.editor,package-info
./org/jfree/chart/swing/editor/ChartEditor.java,.org.jfree.chart.swing.editor,ChartEditor
./org/jfree/chart/swing/editor/ChartEditorFactory.java,.org.jfree.chart.swing.editor,ChartEditorFactory
./org/jfree/chart/swing/editor/DefaultValueAxisEditor.java,.org.jfree.chart.swing.editor,DefaultValueAxisEditor
./org/jfree/chart/swing/editor/DefaultChartEditorFactory.java,.org.jfree.chart.swing.editor,DefaultChartEditorFactory
./org/jfree/chart/swing/editor/DefaultPlotEditor.java,.org.jfree.chart.swing.editor,DefaultPlotEditor
./org/jfree/chart/text/TextAnchor.java,.org.jfree.chart.text,TextAnchor
./org/jfree/chart/text/G2TextMeasurer.java,.org.jfree.chart.text,G2TextMeasurer
./org/jfree/chart/text/TextBlockAnchor.java,.org.jfree.chart.text,TextBlockAnchor
./org/jfree/chart/text/TextLine.java,.org.jfree.chart.text,TextLine
./org/jfree/chart/text/AttributedStringUtils.java,.org.jfree.chart.text,AttributedStringUtils
./org/jfree/chart/text/TextBox.java,.org.jfree.chart.text,TextBox
./org/jfree/chart/text/package-info.java,.org.jfree.chart.text,package-info
./org/jfree/chart/text/TextBlock.java,.org.jfree.chart.text,TextBlock
./org/jfree/chart/text/TextFragment.java,.org.jfree.chart.text,TextFragment
./org/jfree/chart/text/TextUtils.java,.org.jfree.chart.text,TextUtils
./org/jfree/chart/text/TextMeasurer.java,.org.jfree.chart.text,TextMeasurer
./org/jfree/chart/text/format/LogFormat.java,.org.jfree.chart.text.format,LogFormat
./org/jfree/chart/text/format/HMSNumberFormat.java,.org.jfree.chart.text.format,HMSNumberFormat
./org/jfree/chart/text/format/package-info.java,.org.jfree.chart.text.format,package-info
./org/jfree/chart/text/format/RelativeDateFormat.java,.org.jfree.chart.text.format,RelativeDateFormat
./org/jfree/chart/text/format/HexNumberFormat.java,.org.jfree.chart.text.format,HexNumberFormat
./org/jfree/chart/annotations/XYPolygonAnnotation.java,.org.jfree.chart.annotations,XYPolygonAnnotation
./org/jfree/chart/annotations/AbstractXYAnnotation.java,.org.jfree.chart.annotations,AbstractXYAnnotation
./org/jfree/chart/annotations/CategoryPointerAnnotation.java,.org.jfree.chart.annotations,CategoryPointerAnnotation
./org/jfree/chart/annotations/XYLineAnnotation.java,.org.jfree.chart.annotations,XYLineAnnotation
./org/jfree/chart/annotations/AbstractAnnotation.java,.org.jfree.chart.annotations,AbstractAnnotation
./org/jfree/chart/annotations/XYDrawableAnnotation.java,.org.jfree.chart.annotations,XYDrawableAnnotation
./org/jfree/chart/annotations/CategoryAnnotation.java,.org.jfree.chart.annotations,CategoryAnnotation
./org/jfree/chart/annotations/CategoryTextAnnotation.java,.org.jfree.chart.annotations,CategoryTextAnnotation
./org/jfree/chart/annotations/XYShapeAnnotation.java,.org.jfree.chart.annotations,XYShapeAnnotation
./org/jfree/chart/annotations/package-info.java,.org.jfree.chart.annotations,package-info
./org/jfree/chart/annotations/XYTextAnnotation.java,.org.jfree.chart.annotations,XYTextAnnotation
./org/jfree/chart/annotations/Annotation.java,.org.jfree.chart.annotations,Annotation
./org/jfree/chart/annotations/CategoryLineAnnotation.java,.org.jfree.chart.annotations,CategoryLineAnnotation
./org/jfree/chart/annotations/TextAnnotation.java,.org.jfree.chart.annotations,TextAnnotation
./org/jfree/chart/annotations/XYTitleAnnotation.java,.org.jfree.chart.annotations,XYTitleAnnotation
./org/jfree/chart/annotations/XYAnnotation.java,.org.jfree.chart.annotations,XYAnnotation
./org/jfree/chart/annotations/XYBoxAnnotation.java,.org.jfree.chart.annotations,XYBoxAnnotation
./org/jfree/chart/annotations/XYAnnotationBoundsInfo.java,.org.jfree.chart.annotations,XYAnnotationBoundsInfo
./org/jfree/chart/annotations/XYPointerAnnotation.java,.org.jfree.chart.annotations,XYPointerAnnotation
./org/jfree/chart/annotations/XYImageAnnotation.java,.org.jfree.chart.annotations,XYImageAnnotation
./org/jfree/chart/annotations/XYDataImageAnnotation.java,.org.jfree.chart.annotations,XYDataImageAnnotation
./org/jfree/chart/event/AxisChangeListener.java,.org.jfree.chart.event,AxisChangeListener
./org/jfree/chart/event/PlotChangeListener.java,.org.jfree.chart.event,PlotChangeListener
./org/jfree/chart/event/ChartProgressEvent.java,.org.jfree.chart.event,ChartProgressEvent
./org/jfree/chart/event/RendererChangeListener.java,.org.jfree.chart.event,RendererChangeListener
./org/jfree/chart/event/ChartChangeListener.java,.org.jfree.chart.event,ChartChangeListener
./org/jfree/chart/event/ChartChangeEventType.java,.org.jfree.chart.event,ChartChangeEventType
./org/jfree/chart/event/PlotChangeEvent.java,.org.jfree.chart.event,PlotChangeEvent
./org/jfree/chart/event/ChartChangeEvent.java,.org.jfree.chart.event,ChartChangeEvent
./org/jfree/chart/event/ChartProgressEventType.java,.org.jfree.chart.event,ChartProgressEventType
./org/jfree/chart/event/TitleChangeEvent.java,.org.jfree.chart.event,TitleChangeEvent
./org/jfree/chart/event/MarkerChangeListener.java,.org.jfree.chart.event,MarkerChangeListener
./org/jfree/chart/event/package-info.java,.org.jfree.chart.event,package-info
./org/jfree/chart/event/AnnotationChangeListener.java,.org.jfree.chart.event,AnnotationChangeListener
./org/jfree/chart/event/ChartProgressListener.java,.org.jfree.chart.event,ChartProgressListener
./org/jfree/chart/event/AxisChangeEvent.java,.org.jfree.chart.event,AxisChangeEvent
./org/jfree/chart/event/MarkerChangeEvent.java,.org.jfree.chart.event,MarkerChangeEvent
./org/jfree/chart/event/AnnotationChangeEvent.java,.org.jfree.chart.event,AnnotationChangeEvent
./org/jfree/chart/event/RendererChangeEvent.java,.org.jfree.chart.event,RendererChangeEvent
./org/jfree/chart/event/TitleChangeListener.java,.org.jfree.chart.event,TitleChangeListener
./org/jfree/chart/renderer/PolarItemRenderer.java,.org.jfree.chart.renderer,PolarItemRenderer
./org/jfree/chart/renderer/GrayPaintScale.java,.org.jfree.chart.renderer,GrayPaintScale
./org/jfree/chart/renderer/RendererUtils.java,.org.jfree.chart.renderer,RendererUtils
./org/jfree/chart/renderer/AreaRendererEndType.java,.org.jfree.chart.renderer,AreaRendererEndType
./org/jfree/chart/renderer/RendererState.java,.org.jfree.chart.renderer,RendererState
./org/jfree/chart/renderer/OutlierListCollection.java,.org.jfree.chart.renderer,OutlierListCollection
./org/jfree/chart/renderer/LookupPaintScale.java,.org.jfree.chart.renderer,LookupPaintScale
./org/jfree/chart/renderer/OutlierList.java,.org.jfree.chart.renderer,OutlierList
./org/jfree/chart/renderer/WaferMapRenderer.java,.org.jfree.chart.renderer,WaferMapRenderer
./org/jfree/chart/renderer/Outlier.java,.org.jfree.chart.renderer,Outlier
./org/jfree/chart/renderer/AbstractRenderer.java,.org.jfree.chart.renderer,AbstractRenderer
./org/jfree/chart/renderer/package-info.java,.org.jfree.chart.renderer,package-info
./org/jfree/chart/renderer/DefaultPolarItemRenderer.java,.org.jfree.chart.renderer,DefaultPolarItemRenderer
./org/jfree/chart/renderer/PaintScale.java,.org.jfree.chart.renderer,PaintScale
./org/jfree/chart/renderer/NotOutlierException.java,.org.jfree.chart.renderer,NotOutlierException
./org/jfree/chart/renderer/xy/XYBarRenderer.java,.org.jfree.chart.renderer.xy,XYBarRenderer
./org/jfree/chart/renderer/xy/StandardXYBarPainter.java,.org.jfree.chart.renderer.xy,StandardXYBarPainter
./org/jfree/chart/renderer/xy/XYAreaRenderer2.java,.org.jfree.chart.renderer.xy,XYAreaRenderer2
./org/jfree/chart/renderer/xy/StackedXYBarRenderer.java,.org.jfree.chart.renderer.xy,StackedXYBarRenderer
./org/jfree/chart/renderer/xy/XYErrorRenderer.java,.org.jfree.chart.renderer.xy,XYErrorRenderer
./org/jfree/chart/renderer/xy/GradientXYBarPainter.java,.org.jfree.chart.renderer.xy,GradientXYBarPainter
./org/jfree/chart/renderer/xy/XYItemRenderer.java,.org.jfree.chart.renderer.xy,XYItemRenderer
./org/jfree/chart/renderer/xy/CandlestickRenderer.java,.org.jfree.chart.renderer.xy,CandlestickRenderer
./org/jfree/chart/renderer/xy/XYSplineRenderer.java,.org.jfree.chart.renderer.xy,XYSplineRenderer
./org/jfree/chart/renderer/xy/StackedXYAreaRenderer.java,.org.jfree.chart.renderer.xy,StackedXYAreaRenderer
./org/jfree/chart/renderer/xy/DefaultXYItemRenderer.java,.org.jfree.chart.renderer.xy,DefaultXYItemRenderer
./org/jfree/chart/renderer/xy/XYBubbleRenderer.java,.org.jfree.chart.renderer.xy,XYBubbleRenderer
./org/jfree/chart/renderer/xy/YIntervalRenderer.java,.org.jfree.chart.renderer.xy,YIntervalRenderer
./org/jfree/chart/renderer/xy/DeviationRenderer.java,.org.jfree.chart.renderer.xy,DeviationRenderer
./org/jfree/chart/renderer/xy/CyclicXYItemRenderer.java,.org.jfree.chart.renderer.xy,CyclicXYItemRenderer
./org/jfree/chart/renderer/xy/XYBarPainter.java,.org.jfree.chart.renderer.xy,XYBarPainter
./org/jfree/chart/renderer/xy/package.html,.org.jfree.chart.renderer.xy,package.html
./org/jfree/chart/renderer/xy/XYBlockRenderer.java,.org.jfree.chart.renderer.xy,XYBlockRenderer
./org/jfree/chart/renderer/xy/XYItemRendererState.java,.org.jfree.chart.renderer.xy,XYItemRendererState
./org/jfree/chart/renderer/xy/DeviationStepRenderer.java,.org.jfree.chart.renderer.xy,DeviationStepRenderer
./org/jfree/chart/renderer/xy/XYDotRenderer.java,.org.jfree.chart.renderer.xy,XYDotRenderer
./org/jfree/chart/renderer/xy/XYBoxAndWhiskerRenderer.java,.org.jfree.chart.renderer.xy,XYBoxAndWhiskerRenderer
./org/jfree/chart/renderer/xy/VectorRenderer.java,.org.jfree.chart.renderer.xy,VectorRenderer
./org/jfree/chart/renderer/xy/XYStepRenderer.java,.org.jfree.chart.renderer.xy,XYStepRenderer
./org/jfree/chart/renderer/xy/AbstractXYItemRenderer.java,.org.jfree.chart.renderer.xy,AbstractXYItemRenderer
./org/jfree/chart/renderer/xy/package-info.java,.org.jfree.chart.renderer.xy,package-info
./org/jfree/chart/renderer/xy/XYShapeRenderer.java,.org.jfree.chart.renderer.xy,XYShapeRenderer
./org/jfree/chart/renderer/xy/XYLineAndShapeRenderer.java,.org.jfree.chart.renderer.xy,XYLineAndShapeRenderer
./org/jfree/chart/renderer/xy/HighLowRenderer.java,.org.jfree.chart.renderer.xy,HighLowRenderer
./org/jfree/chart/renderer/xy/WindItemRenderer.java,.org.jfree.chart.renderer.xy,WindItemRenderer
./org/jfree/chart/renderer/xy/XYDifferenceRenderer.java,.org.jfree.chart.renderer.xy,XYDifferenceRenderer
./org/jfree/chart/renderer/xy/XYAreaRenderer.java,.org.jfree.chart.renderer.xy,XYAreaRenderer
./org/jfree/chart/renderer/xy/StandardXYItemRenderer.java,.org.jfree.chart.renderer.xy,StandardXYItemRenderer
./org/jfree/chart/renderer/xy/SamplingXYLineRenderer.java,.org.jfree.chart.renderer.xy,SamplingXYLineRenderer
./org/jfree/chart/renderer/xy/ClusteredXYBarRenderer.java,.org.jfree.chart.renderer.xy,ClusteredXYBarRenderer
./org/jfree/chart/renderer/xy/XYStepAreaRenderer.java,.org.jfree.chart.renderer.xy,XYStepAreaRenderer
./org/jfree/chart/renderer/xy/StackedXYAreaRenderer2.java,.org.jfree.chart.renderer.xy,StackedXYAreaRenderer2
./org/jfree/chart/renderer/category/LevelRenderer.java,.org.jfree.chart.renderer.category,LevelRenderer
./org/jfree/chart/renderer/category/CategoryItemRenderer.java,.org.jfree.chart.renderer.category,CategoryItemRenderer
./org/jfree/chart/renderer/category/StackedAreaRenderer.java,.org.jfree.chart.renderer.category,StackedAreaRenderer
./org/jfree/chart/renderer/category/StatisticalLineAndShapeRenderer.java,.org.jfree.chart.renderer.category,StatisticalLineAndShapeRenderer
./org/jfree/chart/renderer/category/StackedBarRenderer.java,.org.jfree.chart.renderer.category,StackedBarRenderer
./org/jfree/chart/renderer/category/BarPainter.java,.org.jfree.chart.renderer.category,BarPainter
./org/jfree/chart/renderer/category/ScatterRenderer.java,.org.jfree.chart.renderer.category,ScatterRenderer
./org/jfree/chart/renderer/category/IntervalBarRenderer.java,.org.jfree.chart.renderer.category,IntervalBarRenderer
./org/jfree/chart/renderer/category/MinMaxCategoryRenderer.java,.org.jfree.chart.renderer.category,MinMaxCategoryRenderer
./org/jfree/chart/renderer/category/StatisticalBarRenderer.java,.org.jfree.chart.renderer.category,StatisticalBarRenderer
./org/jfree/chart/renderer/category/CategoryStepRenderer.java,.org.jfree.chart.renderer.category,CategoryStepRenderer
./org/jfree/chart/renderer/category/CategoryItemRendererState.java,.org.jfree.chart.renderer.category,CategoryItemRendererState
./org/jfree/chart/renderer/category/BoxAndWhiskerRenderer.java,.org.jfree.chart.renderer.category,BoxAndWhiskerRenderer
./org/jfree/chart/renderer/category/package-info.java,.org.jfree.chart.renderer.category,package-info
./org/jfree/chart/renderer/category/StandardBarPainter.java,.org.jfree.chart.renderer.category,StandardBarPainter
./org/jfree/chart/renderer/category/GradientBarPainter.java,.org.jfree.chart.renderer.category,GradientBarPainter
./org/jfree/chart/renderer/category/LineAndShapeRenderer.java,.org.jfree.chart.renderer.category,LineAndShapeRenderer
./org/jfree/chart/renderer/category/AbstractCategoryItemRenderer.java,.org.jfree.chart.renderer.category,AbstractCategoryItemRenderer
./org/jfree/chart/renderer/category/LayeredBarRenderer.java,.org.jfree.chart.renderer.category,LayeredBarRenderer
./org/jfree/chart/renderer/category/GanttRenderer.java,.org.jfree.chart.renderer.category,GanttRenderer
./org/jfree/chart/renderer/category/WaterfallBarRenderer.java,.org.jfree.chart.renderer.category,WaterfallBarRenderer
./org/jfree/chart/renderer/category/AreaRenderer.java,.org.jfree.chart.renderer.category,AreaRenderer
./org/jfree/chart/renderer/category/BarRenderer.java,.org.jfree.chart.renderer.category,BarRenderer
./org/jfree/chart/renderer/category/DefaultCategoryItemRenderer.java,.org.jfree.chart.renderer.category,DefaultCategoryItemRenderer
./org/jfree/chart/renderer/category/GroupedStackedBarRenderer.java,.org.jfree.chart.renderer.category,GroupedStackedBarRenderer
./org/jfree/chart/block/GridArrangement.java,.org.jfree.chart.block,GridArrangement
./org/jfree/chart/block/Size2D.java,.org.jfree.chart.block,Size2D
./org/jfree/chart/block/BlockResult.java,.org.jfree.chart.block,BlockResult
./org/jfree/chart/block/ColorBlock.java,.org.jfree.chart.block,ColorBlock
./org/jfree/chart/block/CenterArrangement.java,.org.jfree.chart.block,CenterArrangement
./org/jfree/chart/block/FlowArrangement.java,.org.jfree.chart.block,FlowArrangement
./org/jfree/chart/block/LengthConstraintType.java,.org.jfree.chart.block,LengthConstraintType
./org/jfree/chart/block/package-info.java,.org.jfree.chart.block,package-info
./org/jfree/chart/block/LineBorder.java,.org.jfree.chart.block,LineBorder
./org/jfree/chart/block/BlockParams.java,.org.jfree.chart.block,BlockParams
./org/jfree/chart/block/Block.java,.org.jfree.chart.block,Block
./org/jfree/chart/block/BlockBorder.java,.org.jfree.chart.block,BlockBorder
./org/jfree/chart/block/EntityBlockResult.java,.org.jfree.chart.block,EntityBlockResult
./org/jfree/chart/block/LabelBlock.java,.org.jfree.chart.block,LabelBlock
./org/jfree/chart/block/RectangleConstraint.java,.org.jfree.chart.block,RectangleConstraint
./org/jfree/chart/block/AbstractBlock.java,.org.jfree.chart.block,AbstractBlock
./org/jfree/chart/block/Arrangement.java,.org.jfree.chart.block,Arrangement
./org/jfree/chart/block/BorderArrangement.java,.org.jfree.chart.block,BorderArrangement
./org/jfree/chart/block/EmptyBlock.java,.org.jfree.chart.block,EmptyBlock
./org/jfree/chart/block/EntityBlockParams.java,.org.jfree.chart.block,EntityBlockParams
./org/jfree/chart/block/BlockContainer.java,.org.jfree.chart.block,BlockContainer
./org/jfree/chart/block/ColumnArrangement.java,.org.jfree.chart.block,ColumnArrangement
./org/jfree/chart/block/BlockFrame.java,.org.jfree.chart.block,BlockFrame
./org/jfree/chart/date/SpreadsheetDate.java,.org.jfree.chart.date,SpreadsheetDate
./org/jfree/chart/date/SerialDate.java,.org.jfree.chart.date,SerialDate
./org/jfree/chart/date/package-info.java,.org.jfree.chart.date,package-info
./org/jfree/chart/date/MonthConstants.java,.org.jfree.chart.date,MonthConstants
./org/jfree/data/ComparableObjectSeries.java,.org.jfree.data,ComparableObjectSeries
./org/jfree/data/DefaultKeyedValues.java,.org.jfree.data,DefaultKeyedValues
./org/jfree/data/KeyedValues2D.java,.org.jfree.data,KeyedValues2D
./org/jfree/data/RangeType.java,.org.jfree.data,RangeType
./org/jfree/data/KeyToGroupMap.java,.org.jfree.data,KeyToGroupMap
./org/jfree/data/KeyedValuesItemKey.java,.org.jfree.data,KeyedValuesItemKey
./org/jfree/data/ComparableObjectItem.java,.org.jfree.data,ComparableObjectItem
./org/jfree/data/KeyedObject.java,.org.jfree.data,KeyedObject
./org/jfree/data/package.html,.org.jfree.data,package.html
./org/jfree/data/KeyedValueComparator.java,.org.jfree.data,KeyedValueComparator
./org/jfree/data/RangeInfo.java,.org.jfree.data,RangeInfo
./org/jfree/data/KeyedValues.java,.org.jfree.data,KeyedValues
./org/jfree/data/DefaultKeyedValues2D.java,.org.jfree.data,DefaultKeyedValues2D
./org/jfree/data/Values2D.java,.org.jfree.data,Values2D
./org/jfree/data/DataUtils.java,.org.jfree.data,DataUtils
./org/jfree/data/KeyedObjects2D.java,.org.jfree.data,KeyedObjects2D
./org/jfree/data/Value.java,.org.jfree.data,Value
./org/jfree/data/UnknownKeyException.java,.org.jfree.data,UnknownKeyException
./org/jfree/data/Range.java,.org.jfree.data,Range
./org/jfree/data/DomainOrder.java,.org.jfree.data,DomainOrder
./org/jfree/data/ItemKey.java,.org.jfree.data,ItemKey
./org/jfree/data/DefaultKeyedValue.java,.org.jfree.data,DefaultKeyedValue
./org/jfree/data/KeyedValue.java,.org.jfree.data,KeyedValue
./org/jfree/data/DomainInfo.java,.org.jfree.data,DomainInfo
./org/jfree/data/Values.java,.org.jfree.data,Values
./org/jfree/data/KeyedObjects.java,.org.jfree.data,KeyedObjects
./org/jfree/data/KeyedValues2DItemKey.java,.org.jfree.data,KeyedValues2DItemKey
./org/jfree/data/KeyedValueComparatorType.java,.org.jfree.data,KeyedValueComparatorType
./org/jfree/data/xy/XIntervalDataItem.java,.org.jfree.data.xy,XIntervalDataItem
./org/jfree/data/xy/XYZDataset.java,.org.jfree.data.xy,XYZDataset
./org/jfree/data/xy/IntervalXYDataset.java,.org.jfree.data.xy,IntervalXYDataset
./org/jfree/data/xy/YIntervalDataItem.java,.org.jfree.data.xy,YIntervalDataItem
./org/jfree/data/xy/Vector.java,.org.jfree.data.xy,Vector
./org/jfree/data/xy/IntervalXYZDataset.java,.org.jfree.data.xy,IntervalXYZDataset
./org/jfree/data/xy/AbstractXYZDataset.java,.org.jfree.data.xy,AbstractXYZDataset
./org/jfree/data/xy/MatrixSeries.java,.org.jfree.data.xy,MatrixSeries
./org/jfree/data/xy/YisSymbolic.java,.org.jfree.data.xy,YisSymbolic
./org/jfree/data/xy/YInterval.java,.org.jfree.data.xy,YInterval
./org/jfree/data/xy/XYCoordinate.java,.org.jfree.data.xy,XYCoordinate
./org/jfree/data/xy/NormalizedMatrixSeries.java,.org.jfree.data.xy,NormalizedMatrixSeries
./org/jfree/data/xy/DefaultWindDataset.java,.org.jfree.data.xy,DefaultWindDataset
./org/jfree/data/xy/IntervalXYDelegate.java,.org.jfree.data.xy,IntervalXYDelegate
./org/jfree/data/xy/XYItemKey.java,.org.jfree.data.xy,XYItemKey
./org/jfree/data/xy/XIntervalSeries.java,.org.jfree.data.xy,XIntervalSeries
./org/jfree/data/xy/YWithXInterval.java,.org.jfree.data.xy,YWithXInterval
./org/jfree/data/xy/XYDataItem.java,.org.jfree.data.xy,XYDataItem
./org/jfree/data/xy/YIntervalSeriesCollection.java,.org.jfree.data.xy,YIntervalSeriesCollection
./org/jfree/data/xy/DefaultHighLowDataset.java,.org.jfree.data.xy,DefaultHighLowDataset
./org/jfree/data/xy/VectorSeries.java,.org.jfree.data.xy,VectorSeries
./org/jfree/data/xy/package.html,.org.jfree.data.xy,package.html
./org/jfree/data/xy/VectorDataItem.java,.org.jfree.data.xy,VectorDataItem
./org/jfree/data/xy/VectorXYDataset.java,.org.jfree.data.xy,VectorXYDataset
./org/jfree/data/xy/AbstractXYDataset.java,.org.jfree.data.xy,AbstractXYDataset
./org/jfree/data/xy/XYDatasetTableModel.java,.org.jfree.data.xy,XYDatasetTableModel
./org/jfree/data/xy/WindDataset.java,.org.jfree.data.xy,WindDataset
./org/jfree/data/xy/XYDataset.java,.org.jfree.data.xy,XYDataset
./org/jfree/data/xy/CategoryTableXYDataset.java,.org.jfree.data.xy,CategoryTableXYDataset
./org/jfree/data/xy/XYIntervalDataItem.java,.org.jfree.data.xy,XYIntervalDataItem
./org/jfree/data/xy/XYSeries.java,.org.jfree.data.xy,XYSeries
./org/jfree/data/xy/DefaultXYDataset.java,.org.jfree.data.xy,DefaultXYDataset
./org/jfree/data/xy/DefaultTableXYDataset.java,.org.jfree.data.xy,DefaultTableXYDataset
./org/jfree/data/xy/DefaultXYZDataset.java,.org.jfree.data.xy,DefaultXYZDataset
./org/jfree/data/xy/YIntervalSeries.java,.org.jfree.data.xy,YIntervalSeries
./org/jfree/data/xy/DefaultIntervalXYDataset.java,.org.jfree.data.xy,DefaultIntervalXYDataset
./org/jfree/data/xy/VectorSeriesCollection.java,.org.jfree.data.xy,VectorSeriesCollection
./org/jfree/data/xy/XisSymbolic.java,.org.jfree.data.xy,XisSymbolic
./org/jfree/data/xy/XYBarDataset.java,.org.jfree.data.xy,XYBarDataset
./org/jfree/data/xy/XIntervalSeriesCollection.java,.org.jfree.data.xy,XIntervalSeriesCollection
./org/jfree/data/xy/XYIntervalSeriesCollection.java,.org.jfree.data.xy,XYIntervalSeriesCollection
./org/jfree/data/xy/DefaultOHLCDataset.java,.org.jfree.data.xy,DefaultOHLCDataset
./org/jfree/data/xy/OHLCDataItem.java,.org.jfree.data.xy,OHLCDataItem
./org/jfree/data/xy/AbstractIntervalXYDataset.java,.org.jfree.data.xy,AbstractIntervalXYDataset
./org/jfree/data/xy/XYInterval.java,.org.jfree.data.xy,XYInterval
./org/jfree/data/xy/XYRangeInfo.java,.org.jfree.data.xy,XYRangeInfo
./org/jfree/data/xy/XYSeriesCollection.java,.org.jfree.data.xy,XYSeriesCollection
./org/jfree/data/xy/MatrixSeriesCollection.java,.org.jfree.data.xy,MatrixSeriesCollection
./org/jfree/data/xy/OHLCDataset.java,.org.jfree.data.xy,OHLCDataset
./org/jfree/data/xy/XYIntervalSeries.java,.org.jfree.data.xy,XYIntervalSeries
./org/jfree/data/xy/TableXYDataset.java,.org.jfree.data.xy,TableXYDataset
./org/jfree/data/xy/XYDomainInfo.java,.org.jfree.data.xy,XYDomainInfo
./org/jfree/data/resources/DataPackageResources.java,.org.jfree.data.resources,DataPackageResources
./org/jfree/data/resources/DataPackageResources_de.java,.org.jfree.data.resources,DataPackageResources_de
./org/jfree/data/resources/DataPackageResources_es.java,.org.jfree.data.resources,DataPackageResources_es
./org/jfree/data/resources/package.html,.org.jfree.data.resources,package.html
./org/jfree/data/resources/DataPackageResources_pl.java,.org.jfree.data.resources,DataPackageResources_pl
./org/jfree/data/resources/DataPackageResources_fr.java,.org.jfree.data.resources,DataPackageResources_fr
./org/jfree/data/resources/DataPackageResources_ru.java,.org.jfree.data.resources,DataPackageResources_ru
./org/jfree/data/flow/FlowDataset.java,.org.jfree.data.flow,FlowDataset
./org/jfree/data/flow/package-info.java,.org.jfree.data.flow,package-info
./org/jfree/data/flow/FlowDatasetUtils.java,.org.jfree.data.flow,FlowDatasetUtils
./org/jfree/data/flow/FlowKey.java,.org.jfree.data.flow,FlowKey
./org/jfree/data/flow/DefaultFlowDataset.java,.org.jfree.data.flow,DefaultFlowDataset
./org/jfree/data/flow/NodeKey.java,.org.jfree.data.flow,NodeKey
./org/jfree/data/io/package.html,.org.jfree.data.io,package.html
./org/jfree/data/io/CSV.java,.org.jfree.data.io,CSV
./org/jfree/data/xml/ItemHandler.java,.org.jfree.data.xml,ItemHandler
./org/jfree/data/xml/DatasetReader.java,.org.jfree.data.xml,DatasetReader
./org/jfree/data/xml/ValueHandler.java,.org.jfree.data.xml,ValueHandler
./org/jfree/data/xml/DatasetTags.java,.org.jfree.data.xml,DatasetTags
./org/jfree/data/xml/package.html,.org.jfree.data.xml,package.html
./org/jfree/data/xml/CategorySeriesHandler.java,.org.jfree.data.xml,CategorySeriesHandler
./org/jfree/data/xml/PieDatasetHandler.java,.org.jfree.data.xml,PieDatasetHandler
./org/jfree/data/xml/RootHandler.java,.org.jfree.data.xml,RootHandler
./org/jfree/data/xml/CategoryDatasetHandler.java,.org.jfree.data.xml,CategoryDatasetHandler
./org/jfree/data/xml/KeyHandler.java,.org.jfree.data.xml,KeyHandler
./org/jfree/data/json/package-info.java,.org.jfree.data.json,package-info
./org/jfree/data/json/JSONUtils.java,.org.jfree.data.json,JSONUtils
./org/jfree/data/json/impl/JSONValue.java,.org.jfree.data.json.impl,JSONValue
./org/jfree/data/json/impl/package-info.java,.org.jfree.data.json.impl,package-info
./org/jfree/data/json/impl/JSONAware.java,.org.jfree.data.json.impl,JSONAware
./org/jfree/data/json/impl/JSONObject.java,.org.jfree.data.json.impl,JSONObject
./org/jfree/data/json/impl/JSONArray.java,.org.jfree.data.json.impl,JSONArray
./org/jfree/data/json/impl/JSONStreamAware.java,.org.jfree.data.json.impl,JSONStreamAware
./org/jfree/data/time/DynamicTimeSeriesCollection.java,.org.jfree.data.time,DynamicTimeSeriesCollection
./org/jfree/data/time/FixedMillisecond.java,.org.jfree.data.time,FixedMillisecond
./org/jfree/data/time/Year.java,.org.jfree.data.time,Year
./org/jfree/data/time/Hour.java,.org.jfree.data.time,Hour
./org/jfree/data/time/Month.java,.org.jfree.data.time,Month
./org/jfree/data/time/TimePeriod.java,.org.jfree.data.time,TimePeriod
./org/jfree/data/time/TimeSeries.java,.org.jfree.data.time,TimeSeries
./org/jfree/data/time/package.html,.org.jfree.data.time,package.html
./org/jfree/data/time/SimpleTimePeriod.java,.org.jfree.data.time,SimpleTimePeriod
./org/jfree/data/time/Day.java,.org.jfree.data.time,Day
./org/jfree/data/time/RegularTimePeriod.java,.org.jfree.data.time,RegularTimePeriod
./org/jfree/data/time/TimeSeriesTableModel.java,.org.jfree.data.time,TimeSeriesTableModel
./org/jfree/data/time/TimePeriodFormatException.java,.org.jfree.data.time,TimePeriodFormatException
./org/jfree/data/time/Second.java,.org.jfree.data.time,Second
./org/jfree/data/time/Week.java,.org.jfree.data.time,Week
./org/jfree/data/time/TimePeriodValuesCollection.java,.org.jfree.data.time,TimePeriodValuesCollection
./org/jfree/data/time/TimePeriodValues.java,.org.jfree.data.time,TimePeriodValues
./org/jfree/data/time/MovingAverage.java,.org.jfree.data.time,MovingAverage
./org/jfree/data/time/TimeSeriesDataItem.java,.org.jfree.data.time,TimeSeriesDataItem
./org/jfree/data/time/DateRange.java,.org.jfree.data.time,DateRange
./org/jfree/data/time/TimeSeriesCollection.java,.org.jfree.data.time,TimeSeriesCollection
./org/jfree/data/time/TimeTableXYDataset.java,.org.jfree.data.time,TimeTableXYDataset
./org/jfree/data/time/Millisecond.java,.org.jfree.data.time,Millisecond
./org/jfree/data/time/Quarter.java,.org.jfree.data.time,Quarter
./org/jfree/data/time/TimePeriodValue.java,.org.jfree.data.time,TimePeriodValue
./org/jfree/data/time/TimePeriodAnchor.java,.org.jfree.data.time,TimePeriodAnchor
./org/jfree/data/time/Minute.java,.org.jfree.data.time,Minute
./org/jfree/data/time/ohlc/OHLCItem.java,.org.jfree.data.time.ohlc,OHLCItem
./org/jfree/data/time/ohlc/package.html,.org.jfree.data.time.ohlc,package.html
./org/jfree/data/time/ohlc/OHLCSeriesCollection.java,.org.jfree.data.time.ohlc,OHLCSeriesCollection
./org/jfree/data/time/ohlc/OHLCSeries.java,.org.jfree.data.time.ohlc,OHLCSeries
./org/jfree/data/time/ohlc/OHLC.java,.org.jfree.data.time.ohlc,OHLC
./org/jfree/data/gantt/TaskSeries.java,.org.jfree.data.gantt,TaskSeries
./org/jfree/data/gantt/Task.java,.org.jfree.data.gantt,Task
./org/jfree/data/gantt/package.html,.org.jfree.data.gantt,package.html
./org/jfree/data/gantt/XYTaskDataset.java,.org.jfree.data.gantt,XYTaskDataset
./org/jfree/data/gantt/SlidingGanttCategoryDataset.java,.org.jfree.data.gantt,SlidingGanttCategoryDataset
./org/jfree/data/gantt/GanttCategoryDataset.java,.org.jfree.data.gantt,GanttCategoryDataset
./org/jfree/data/gantt/TaskSeriesCollection.java,.org.jfree.data.gantt,TaskSeriesCollection
./org/jfree/data/function/LineFunction2D.java,.org.jfree.data.function,LineFunction2D
./org/jfree/data/function/Function2D.java,.org.jfree.data.function,Function2D
./org/jfree/data/function/NormalDistributionFunction2D.java,.org.jfree.data.function,NormalDistributionFunction2D
./org/jfree/data/function/package.html,.org.jfree.data.function,package.html
./org/jfree/data/function/PowerFunction2D.java,.org.jfree.data.function,PowerFunction2D
./org/jfree/data/function/PolynomialFunction2D.java,.org.jfree.data.function,PolynomialFunction2D
./org/jfree/data/statistics/MultiValueCategoryDataset.java,.org.jfree.data.statistics,MultiValueCategoryDataset
./org/jfree/data/statistics/BoxAndWhiskerItem.java,.org.jfree.data.statistics,BoxAndWhiskerItem
./org/jfree/data/statistics/BoxAndWhiskerCategoryDataset.java,.org.jfree.data.statistics,BoxAndWhiskerCategoryDataset
./org/jfree/data/statistics/StatisticalCategoryDataset.java,.org.jfree.data.statistics,StatisticalCategoryDataset
./org/jfree/data/statistics/SimpleHistogramDataset.java,.org.jfree.data.statistics,SimpleHistogramDataset
./org/jfree/data/statistics/HistogramBin.java,.org.jfree.data.statistics,HistogramBin
./org/jfree/data/statistics/DefaultBoxAndWhiskerCategoryDataset.java,.org.jfree.data.statistics,DefaultBoxAndWhiskerCategoryDataset
./org/jfree/data/statistics/DefaultBoxAndWhiskerXYDataset.java,.org.jfree.data.statistics,DefaultBoxAndWhiskerXYDataset
./org/jfree/data/statistics/Regression.java,.org.jfree.data.statistics,Regression
./org/jfree/data/statistics/package.html,.org.jfree.data.statistics,package.html
./org/jfree/data/statistics/Statistics.java,.org.jfree.data.statistics,Statistics
./org/jfree/data/statistics/BoxAndWhiskerXYDataset.java,.org.jfree.data.statistics,BoxAndWhiskerXYDataset
./org/jfree/data/statistics/MeanAndStandardDeviation.java,.org.jfree.data.statistics,MeanAndStandardDeviation
./org/jfree/data/statistics/BoxAndWhiskerCalculator.java,.org.jfree.data.statistics,BoxAndWhiskerCalculator
./org/jfree/data/statistics/HistogramType.java,.org.jfree.data.statistics,HistogramType
./org/jfree/data/statistics/DefaultMultiValueCategoryDataset.java,.org.jfree.data.statistics,DefaultMultiValueCategoryDataset
./org/jfree/data/statistics/DefaultStatisticalCategoryDataset.java,.org.jfree.data.statistics,DefaultStatisticalCategoryDataset
./org/jfree/data/statistics/HistogramDataset.java,.org.jfree.data.statistics,HistogramDataset
./org/jfree/data/statistics/SimpleHistogramBin.java,.org.jfree.data.statistics,SimpleHistogramBin
./org/jfree/data/category/IntervalCategoryDataset.java,.org.jfree.data.category,IntervalCategoryDataset
./org/jfree/data/category/SlidingCategoryDataset.java,.org.jfree.data.category,SlidingCategoryDataset
./org/jfree/data/category/CategoryToPieDataset.java,.org.jfree.data.category,CategoryToPieDataset
./org/jfree/data/category/package.html,.org.jfree.data.category,package.html
./org/jfree/data/category/CategoryDataset.java,.org.jfree.data.category,CategoryDataset
./org/jfree/data/category/DefaultIntervalCategoryDataset.java,.org.jfree.data.category,DefaultIntervalCategoryDataset
./org/jfree/data/category/DefaultCategoryDataset.java,.org.jfree.data.category,DefaultCategoryDataset
./org/jfree/data/category/CategoryRangeInfo.java,.org.jfree.data.category,CategoryRangeInfo
./org/jfree/data/general/DefaultHeatMapDataset.java,.org.jfree.data.general,DefaultHeatMapDataset
./org/jfree/data/general/Series.java,.org.jfree.data.general,Series
./org/jfree/data/general/DefaultKeyedValuesDataset.java,.org.jfree.data.general,DefaultKeyedValuesDataset
./org/jfree/data/general/AbstractDataset.java,.org.jfree.data.general,AbstractDataset
./org/jfree/data/general/KeyedValues2DDataset.java,.org.jfree.data.general,KeyedValues2DDataset
./org/jfree/data/general/DefaultValueDataset.java,.org.jfree.data.general,DefaultValueDataset
./org/jfree/data/general/WaferMapDataset.java,.org.jfree.data.general,WaferMapDataset
./org/jfree/data/general/SeriesChangeListener.java,.org.jfree.data.general,SeriesChangeListener
./org/jfree/data/general/SeriesException.java,.org.jfree.data.general,SeriesException
./org/jfree/data/general/SeriesChangeEvent.java,.org.jfree.data.general,SeriesChangeEvent
./org/jfree/data/general/package.html,.org.jfree.data.general,package.html
./org/jfree/data/general/DefaultKeyedValueDataset.java,.org.jfree.data.general,DefaultKeyedValueDataset
./org/jfree/data/general/Dataset.java,.org.jfree.data.general,Dataset
./org/jfree/data/general/AbstractSeriesDataset.java,.org.jfree.data.general,AbstractSeriesDataset
./org/jfree/data/general/HeatMapUtils.java,.org.jfree.data.general,HeatMapUtils
./org/jfree/data/general/KeyedValueDataset.java,.org.jfree.data.general,KeyedValueDataset
./org/jfree/data/general/SeriesDataset.java,.org.jfree.data.general,SeriesDataset
./org/jfree/data/general/DatasetUtils.java,.org.jfree.data.general,DatasetUtils
./org/jfree/data/general/DatasetChangeEvent.java,.org.jfree.data.general,DatasetChangeEvent
./org/jfree/data/general/ValueDataset.java,.org.jfree.data.general,ValueDataset
./org/jfree/data/general/PieDataset.java,.org.jfree.data.general,PieDataset
./org/jfree/data/general/DatasetChangeListener.java,.org.jfree.data.general,DatasetChangeListener
./org/jfree/data/general/DefaultKeyedValues2DDataset.java,.org.jfree.data.general,DefaultKeyedValues2DDataset
./org/jfree/data/general/HeatMapDataset.java,.org.jfree.data.general,HeatMapDataset
./org/jfree/data/general/DefaultPieDataset.java,.org.jfree.data.general,DefaultPieDataset
./org/jfree/data/general/KeyedValuesDataset.java,.org.jfree.data.general,KeyedValuesDataset
